INSERT INTO `player`.`player`(`PLAYER_ID`,`NAME`,`CRICKET_TEAM`)VALUES(1,'DHONI','INDIA');
INSERT INTO `player`.`player`(`PLAYER_ID`,`NAME`,`CRICKET_TEAM`)VALUES(2,'DRAVID','INDIA');
INSERT INTO `player`.`player`(`PLAYER_ID`,`NAME`,`CRICKET_TEAM`)VALUES(3,'DEVILLIERS','SOUTH AFRICA');
INSERT INTO `player`.`player`(`PLAYER_ID`,`NAME`,`CRICKET_TEAM`)VALUES(4,'FAF','SOUTH AFRICA');
INSERT INTO `player`.`cricket_match`(`MATCH_ID`,`SERIES_NAME`,`LOCATION`)VALUES(1,'GANDHI MANDELA','MUMBAI');
INSERT INTO `player`.`cricket_match`(`MATCH_ID`,`SERIES_NAME`,`LOCATION`)VALUES(2,'GANDHI MANDELA','PUNE');
INSERT INTO `player`.`cricket_match`(`MATCH_ID`,`SERIES_NAME`,`LOCATION`)VALUES(3,'GANDHI MANDELA','RAJKOT');
INSERT INTO `player`.`cricket_match`(`MATCH_ID`,`SERIES_NAME`,`LOCATION`)VALUES(4,'GANDHI MANDELA','KOLKATA');
INSERT INTO `player`.`player_match`(`PLAYER_ID`,`MATCH_ID`,`SCORE`)VALUES(1,1,70);
INSERT INTO `player`.`player_match`(`PLAYER_ID`,`MATCH_ID`,`SCORE`)VALUES(2,1,60);
INSERT INTO `player`.`player_match`(`PLAYER_ID`,`MATCH_ID`,`SCORE`)VALUES(3,1,65);
INSERT INTO `player`.`player_match`(`PLAYER_ID`,`MATCH_ID`,`SCORE`)VALUES(4,1,62);
INSERT INTO `player`.`player_match`(`PLAYER_ID`,`MATCH_ID`,`SCORE`)VALUES(1,2,148);
INSERT INTO `player`.`player_match`(`PLAYER_ID`,`MATCH_ID`,`SCORE`)VALUES(2,2,97);
INSERT INTO `player`.`player_match`(`PLAYER_ID`,`MATCH_ID`,`SCORE`)VALUES(3,2,79);
INSERT INTO `player`.`player_match`(`PLAYER_ID`,`MATCH_ID`,`SCORE`)VALUES(4,2,88);
INSERT INTO `player`.`player_match`(`PLAYER_ID`,`MATCH_ID`,`SCORE`)VALUES(1,3,75);
INSERT INTO `player`.`player_match`(`PLAYER_ID`,`MATCH_ID`,`SCORE`)VALUES(2,3,120);
INSERT INTO `player`.`player_match`(`PLAYER_ID`,`MATCH_ID`,`SCORE`)VALUES(3,3,109);
INSERT INTO `player`.`player_match`(`PLAYER_ID`,`MATCH_ID`,`SCORE`)VALUES(4,3,93);
INSERT INTO `player`.`player_match`(`PLAYER_ID`,`MATCH_ID`,`SCORE`)VALUES(1,4,68);
INSERT INTO `player`.`player_match`(`PLAYER_ID`,`MATCH_ID`,`SCORE`)VALUES(2,4,87);
INSERT INTO `player`.`player_match`(`PLAYER_ID`,`MATCH_ID`,`SCORE`)VALUES(3,4,75);
INSERT INTO `player`.`player_match`(`PLAYER_ID`,`MATCH_ID`,`SCORE`)VALUES(4,4,80);
